{
  "(0, 0, 3)": {
    "0": 64.93958374193492,
    "1": 64.3032141571281,
    "2": 63.22472138843042,
    "3": 64.34384213884046
  },
  "(3, 0, 3)": {
    "0": 68.20418359913072,
    "1": 66.1715216591803,
    "2": 65.63203684383929,
    "3": 66.19689474514388
  },
  "(5, 0, 3)": {
    "0": 69.50231083779003,
    "1": 66.40063450340033,
    "2": 66.32928879726553,
    "3": 66.97663412722552
  },
  "(0, 0, 2)": {
    "0": 78.20445963179047,
    "1": 72.79741064383192,
    "2": 73.77872790718246,
    "3": 73.35073505404213
  },
  "(1, 0, 3)": {
    "0": 68.39012444438323,
    "1": 65.71156431625695,
    "2": 65.73024111590124,
    "3": 65.71518367621663
  },
  "(1, 0, 2)": {
    "0": 77.37950696611658,
    "1": 71.55988935766091,
    "2": 72.91100589478027,
    "3": 73.93058010850166
  },
  "(2, 0, 2)": {
    "0": 78.74795350218558,
    "1": 73.77326491585798,
    "2": 74.94619438440746,
    "3": 74.38049127103454
  },
  "(2, 0, 1)": {
    "0": 83.43648329100074,
    "1": 77.53581636307372,
    "2": 78.99376048923129,
    "3": 78.27451939361856
  },
  "(0, 0, 1)": {
    "0": 84.23818917661966,
    "1": 78.54697344105654,
    "2": 80.68080228604141,
    "3": 79.89636929802468
  },
  "(3, 1, 0)": {
    "0": 77.50962344734097,
    "1": 66.38820086860295,
    "2": 75.69778800769245,
    "3": 64.80867306927958
  },
  "(1, 0, 1)": {
    "0": 82.53255711537304,
    "1": 75.77599285378228,
    "2": 74.8644165204814,
    "3": 75.36989637137064
  },
  "(0, 1, 0)": {
    "0": 74.12518659905975,
    "1": 66.40880774720496,
    "2": 85.64733239956114,
    "3": 64.93804740577816
  },
  "(6, 0, 3)": {
    "0": 66.71392580916556,
    "1": 68.14485137535281,
    "2": 66.31058033750375,
    "3": 67.85040320461728
  },
  "(5, 0, 2)": {
    "0": 78.24553573593785,
    "1": 74.99406094312131,
    "2": 74.93811659750189,
    "3": 74.8341663136461
  },
  "(3, 0, 1)": {
    "0": 83.57461067607751,
    "1": 76.85382901502739,
    "2": 78.22596123911698,
    "3": 76.79707594707577
  },
  "(6, 0, 2)": {
    "0": 76.19992381988232,
    "1": 73.66653514593497,
    "2": 73.00986102939588,
    "3": 74.26403069599054
  },
  "(3, 0, 2)": {
    "0": 77.48138149425256,
    "1": 73.39034016410888,
    "2": 73.12051246455009,
    "3": 73.72331910782121
  },
  "(4, 0, 3)": {
    "0": 67.15223138451864,
    "1": 67.9134441086943,
    "2": 66.5186371310195,
    "3": 66.66956719020423
  },
  "(2, 0, 3)": {
    "0": 70.01269963082105,
    "1": 66.3585339807955,
    "2": 66.44305573525094,
    "3": 66.60025310997803
  },
  "(4, 0, 1)": {
    "0": 82.62623959160693,
    "1": 75.31076946889641,
    "2": 74.72068395955002,
    "3": 76.85388869226567
  },
  "(7, 0, 1)": {
    "0": 83.55407562090231,
    "1": 78.68748856191607,
    "2": 78.72541217659241,
    "3": 77.78399178719629
  },
  "(2, 1, 0)": {
    "0": 77.83378805069434,
    "1": 63.526374053097506,
    "2": 73.91063217143693,
    "3": 62.889856526616065
  },
  "(7, 0, 2)": {
    "0": 78.2105968922413,
    "1": 74.1101634558951,
    "2": 74.84949112813754,
    "3": 74.23211107669032
  },
  "(7, 0, 3)": {
    "0": 69.90429313539455,
    "1": 66.50086255492646,
    "2": 66.40562499189365,
    "3": 66.59985897227709
  },
  "(4, 0, 2)": {
    "0": 77.72477163641622,
    "1": 73.7490166349112,
    "2": 73.4850205579767,
    "3": 73.38422879260229
  },
  "(6, 0, 1)": {
    "0": 83.03005733018641,
    "1": 75.50831851568226,
    "2": 75.37904342199627,
    "3": 77.54626603112867
  },
  "(4, 1, 0)": {
    "0": 84.41513235543205,
    "1": 64.95915595428836,
    "2": 63.62463768517409,
    "3": 62.88269379545841
  },
  "(5, 0, 1)": {
    "0": 84.11043193407828,
    "1": 78.33509022648109,
    "2": 80.5082243333221,
    "3": 79.3737611238159
  },
  "(5, 1, 0)": {
    "0": 68.20207618981571,
    "1": 69.15542221280957,
    "2": 94.54140664792163,
    "3": 68.75653470654284
  },
  "(7, 1, 0)": {
    "0": 76.31817191158733,
    "1": 65.35460004461805,
    "2": 73.75853882857987,
    "3": 64.90194865534916
  },
  "(6, 1, 0)": {
    "0": 83.39498337535197,
    "1": 62.710419513988995,
    "2": 63.94671085195481,
    "3": 63.81849554867468
  },
  "(1, 1, 0)": {
    "0": 82.7504684849397,
    "1": 61.84378831689287,
    "2": 64.3724443058232,
    "3": 63.95628458365221
  }
}