{
  "(0, 0, 3)": {
    "0": 33.82014786413794,
    "1": 33.47230679790773,
    "2": 33.25772888335419,
    "3": 33.41279415999902
  },
  "(1, 0, 3)": {
    "0": 35.41519729705614,
    "1": 34.689450486523604,
    "2": 34.63167329232022,
    "3": 34.653567325333086
  },
  "(2, 0, 3)": {
    "0": 35.83447727314709,
    "1": 35.133562661220004,
    "2": 34.9973860099551,
    "3": 35.04936663517146
  },
  "(7, 0, 3)": {
    "0": 35.83562370602428,
    "1": 35.02133439568103,
    "2": 34.83018880961594,
    "3": 34.84313644907153
  },
  "(4, 0, 3)": {
    "0": 35.06623642685226,
    "1": 35.08709217154518,
    "2": 34.933179518447346,
    "3": 35.467077128360415
  },
  "(3, 0, 3)": {
    "0": 35.45443326595073,
    "1": 34.730947988671396,
    "2": 34.62108832567935,
    "3": 34.67975196536611
  },
  "(5, 0, 3)": {
    "0": 35.87379521964085,
    "1": 35.12819903525746,
    "2": 35.032352322037504,
    "3": 35.02736222799901
  },
  "(0, 0, 2)": {
    "0": 41.94476392140091,
    "1": 40.38953929021436,
    "2": 40.81072216362635,
    "3": 40.59699321359897
  },
  "(2, 0, 2)": {
    "0": 43.069941797724816,
    "1": 41.330340556888906,
    "2": 41.5213003340263,
    "3": 41.23752188281665
  },
  "(7, 0, 2)": {
    "0": 43.050022122359884,
    "1": 40.87720841143558,
    "2": 41.20147341398887,
    "3": 40.99069537320955
  },
  "(4, 0, 2)": {
    "0": 41.91082136298444,
    "1": 40.6101286878873,
    "2": 40.53951479839451,
    "3": 40.7206664582197
  },
  "(1, 0, 2)": {
    "0": 41.71549258966642,
    "1": 40.43970528475601,
    "2": 40.73239775181504,
    "3": 40.68102928681544
  },
  "(1, 0, 1)": {
    "0": 44.2017164584939,
    "1": 43.87921044372433,
    "2": 43.5957392568122,
    "3": 44.3297339946235
  },
  "(1, 1, 0)": {
    "0": 47.41226562821706,
    "1": 35.9939949229956,
    "2": 37.804928939089514,
    "3": 36.86454060695174
  },
  "(7, 0, 1)": {
    "0": 46.22346699140493,
    "1": 44.16818660028946,
    "2": 45.17080469514997,
    "3": 44.40947525206977
  },
  "(4, 0, 1)": {
    "0": 44.84924359592193,
    "1": 44.20488525311845,
    "2": 43.79282074971837,
    "3": 43.55469655762391
  },
  "(6, 0, 2)": {
    "0": 41.67496244411205,
    "1": 40.901033517389344,
    "2": 40.8138959267065,
    "3": 40.63829572481024
  },
  "(6, 0, 1)": {
    "0": 44.68792423362671,
    "1": 43.310929411800736,
    "2": 43.58055462094313,
    "3": 44.16447279622031
  },
  "(6, 1, 0)": {
    "0": 44.65838273094289,
    "1": 35.998328128236594,
    "2": 36.130102799055386,
    "3": 38.58915047496682
  },
  "(7, 1, 0)": {
    "0": 45.64128961343848,
    "1": 39.1178276805392,
    "2": 37.642976171360154,
    "3": 39.60323199923872
  },
  "(3, 0, 1)": {
    "0": 45.621814419973,
    "1": 43.38526126500627,
    "2": 43.756117023894944,
    "3": 43.36260872153205
  },
  "(5, 0, 1)": {
    "0": 46.273376357386816,
    "1": 44.35517733381278,
    "2": 45.207288426405704,
    "3": 44.250932128906946
  },
  "(3, 0, 2)": {
    "0": 41.58302541034677,
    "1": 40.67421036842982,
    "2": 40.63861316413425,
    "3": 40.67260409227131
  },
  "(0, 0, 1)": {
    "0": 46.251424569585005,
    "1": 44.439045256234124,
    "2": 45.449196392627364,
    "3": 44.29130850159682
  },
  "(5, 0, 2)": {
    "0": 42.99434010169955,
    "1": 41.00502598937203,
    "2": 41.516384960254975,
    "3": 41.17925426947748
  },
  "(0, 1, 0)": {
    "0": 47.0062521457621,
    "1": 36.21075273951531,
    "2": 36.79435245928209,
    "3": 36.82558272667031
  },
  "(2, 0, 1)": {
    "0": 46.28130207940033,
    "1": 44.20080482077719,
    "2": 45.33178587849494,
    "3": 44.66038158880116
  },
  "(4, 1, 0)": {
    "0": 47.296121791684165,
    "1": 36.772089275019006,
    "2": 39.14844062013329,
    "3": 36.041020588551866
  },
  "(6, 0, 3)": {
    "0": 35.00891975176403,
    "1": 35.19931626176275,
    "2": 34.884362262130146,
    "3": 35.515057801761984
  },
  "(5, 1, 0)": {
    "0": 47.097529366341895,
    "1": 38.17454173385257,
    "2": 38.30475330710603,
    "3": 36.99119726767668
  },
  "(3, 1, 0)": {
    "0": 47.36878914109917,
    "1": 37.10288777901848,
    "2": 37.195448397362675,
    "3": 36.33993052063181
  },
  "(2, 1, 0)": {
    "0": 47.19704880365523,
    "1": 36.80858732732932,
    "2": 37.24226665362485,
    "3": 38.88058318546806
  }
}