{
  "(0, 0, 3)": {
    "0": -0.3205451490334536,
    "1": -0.5463223808482714,
    "3": -0.5037752733404884
  },
  "(7, 0, 3)": {
    "0": -0.3267683072005388,
    "1": -0.5472041084685882,
    "3": -0.3566082361516257
  },
  "(5, 0, 3)": {
    "0": -0.380550857117844,
    "1": -0.4947378854578255,
    "3": -0.32218683742432924
  },
  "(6, 0, 3)": {
    "0": -0.6237724842569162,
    "1": -0.6420020945504542,
    "3": -0.6014083058511616
  },
  "(4, 0, 3)": {
    "0": -0.486550258936691,
    "1": -0.7065388644025856,
    "3": -0.6487600954718733
  },
  "(4, 0, 2)": {
    "0": -0.5022429051448137,
    "1": -0.8024503159213281,
    "3": -0.32561506319357175
  },
  "(7, 0, 2)": {
    "0": -0.07120490729646838,
    "1": -0.46732744340044946,
    "3": 0.14008158644063062
  },
  "(2, 0, 1)": {
    "0": 0.4608639018942542,
    "1": -0.24709259302925055,
    "3": 0.21424500238939148
  },
  "(4, 0, 1)": {
    "0": -0.08751403542869968,
    "1": -0.7572418979493335,
    "3": 0.14282376838965932
  },
  "(7, 0, 1)": {
    "0": 0.5422323647986779,
    "1": -0.3580469202478733,
    "3": 0.19466571613800585
  },
  "(2, 0, 3)": {
    "0": -0.38034353920582725,
    "1": -0.4722939267715229,
    "3": -0.36319206525139053
  },
  "(1, 0, 3)": {
    "0": -0.5804667935137866,
    "1": -0.6765010799609286,
    "3": -0.369293272121592
  },
  "(3, 0, 3)": {
    "0": -0.5099288736475445,
    "1": -0.6545007401198459,
    "3": -0.36217870912503836
  },
  "(2, 0, 2)": {
    "0": -0.08281809051356166,
    "1": -0.567828395581595,
    "3": -0.031664164874957705
  },
  "(6, 0, 2)": {
    "0": -0.4316539418313088,
    "1": -0.9456014746994481,
    "3": -0.5509276414200047
  },
  "(6, 0, 1)": {
    "0": 0.048698572527893,
    "1": -0.6699600944863082,
    "3": -0.11153842754681971
  },
  "(1, 0, 2)": {
    "0": -0.7509478619338964,
    "1": -0.8016885729217159,
    "3": -0.4483525850176983
  },
  "(0, 0, 2)": {
    "0": -0.039796332108981834,
    "1": -0.5171841004016566,
    "3": -0.021544236601667866
  },
  "(0, 0, 1)": {
    "0": 0.456002367257176,
    "1": -0.5378371840942154,
    "3": 0.21151385214998072
  },
  "(1, 0, 1)": {
    "0": -0.007392526265471637,
    "1": -0.5857693494416215,
    "3": -0.07009423671767025
  },
  "(3, 0, 1)": {
    "0": -0.03108236167805552,
    "1": -0.5978609530384202,
    "3": 0.1244728252047605
  },
  "(3, 0, 2)": {
    "0": -0.4533961639639976,
    "1": -0.8418691251093291,
    "3": -0.14680209996030286
  },
  "(5, 0, 2)": {
    "0": 0.2840710766172579,
    "1": -0.5396004570934704,
    "3": 0.12125730573755163
  },
  "(5, 0, 1)": {
    "0": 0.5258748627622913,
    "1": -0.3839206065879505,
    "3": 0.17569227337133497
  },
  "(4, 1, 0)": {
    "0": -0.01380711874576984,
    "1": 0.0,
    "3": 0.0
  },
  "(0, 1, 0)": {
    "0": -0.029212802372228754,
    "1": -0.027310138303974867,
    "3": 0.0
  },
  "(6, 1, 0)": {
    "0": -0.01380711874576984,
    "1": 0.001553614126784968,
    "3": 0.3425890079499274
  },
  "(7, 1, 0)": {
    "0": -0.07394247190993747,
    "1": 0.0,
    "3": 0.0
  },
  "(1, 1, 0)": {
    "0": 0.3648630821325789,
    "1": 0.0,
    "3": 0.0
  },
  "(2, 1, 0)": {
    "0": 0.08923884239591816,
    "1": 0.0,
    "3": 0.0
  }
}